image_file_name,count
img01.jpg,53
img02.jpg,57
img03.jpg,55
img04.jpg,55
img05.jpg,42
img06.jpg,51
img07.jpg,31
img08.jpg,30
img100.jpg,48
img101.jpg,46
img102.jpg,55
img103.jpg,42
img104.jpg,51
img105.jpg,0
img106.jpg,30
img109.jpg,21
img11.jpg,31
img110.jpg,16
img111.jpg,5
img112.jpg,27
img113.jpg,30
img114.jpg,50
img115.jpg,49
img116.jpg,53
img117.jpg,41
img118.jpg,48
img119.jpg,0
img12.jpg,31
img120.jpg,29
img123.jpg,17
img124.jpg,15
img125.jpg,2
img126.jpg,29
img127.jpg,29
img128.jpg,46
img129.jpg,45
img13.jpg,0
img130.jpg,52
img131.jpg,43
img132.jpg,51
img133.jpg,0
img134.jpg,29
img137.jpg,17
img138.jpg,17
img139.jpg,2
img14.jpg,45
img140.jpg,17
img15.jpg,36
img16.jpg,52
img17.jpg,53
img18.jpg,55
img19.jpg,42
img20.jpg,52
img21.jpg,30
img22.jpg,30
img25.jpg,30
img26.jpg,27
img27.jpg,0
img28.jpg,31
img29.jpg,33
img30.jpg,48
img31.jpg,52
img32.jpg,54
img33.jpg,42
img34.jpg,20
img35.jpg,22
img36.jpg,31
img39.jpg,27
img40.jpg,23
img41.jpg,0
img42.jpg,32
img43.jpg,35
img44.jpg,54
img45.jpg,52
img46.jpg,51
img47.jpg,42
img48.jpg,51
img49.jpg,16
img50.jpg,30
img53.jpg,28
img54.jpg,23
img55.jpg,2
img56.jpg,32
img57.jpg,28
img58.jpg,50
img59.jpg,50
img60.jpg,53
img61.jpg,44
img62.jpg,51
img63.jpg,14
img64.jpg,30
img67.jpg,25
img68.jpg,24
img69.jpg,2
img70.jpg,33
img71.jpg,30
img72.jpg,50
img73.jpg,52
img74.jpg,52
img75.jpg,41
img76.jpg,50
img77.jpg,13
img78.jpg,29
img81.jpg,24
img82.jpg,22
img83.jpg,2
img84.jpg,27
img86.jpg,52
img87.jpg,50
img88.jpg,55
img89.jpg,44
img90.jpg,50
img91.jpg,4
img92.jpg,28
img95.jpg,21
img96.jpg,20
img97.jpg,3
img98.jpg,26
img99.jpg,33
img141.jpg,54
img142.jpg,60
img143.jpg,63
img144.jpg,61
img145.jpg,29
img146.jpg,33
img147.jpg,0
img148.jpg,54
img151.jpg,0
img152.jpg,0
img153.jpg,61
img154.jpg,51
img155.jpg,54
img156.jpg,57
img157.jpg,62
img158.jpg,61
img159.jpg,29
img160.jpg,36
img161.jpg,0
img162.jpg,49
img165.jpg,0
img166.jpg,0
img167.jpg,60
img168.jpg,47
img169.jpg,53
img170.jpg,58
img171.jpg,60
img172.jpg,60
img173.jpg,27
img174.jpg,37
img175.jpg,0
img176.jpg,51
img179.jpg,0
img180.jpg,0
img181.jpg,56
img182.jpg,46
img183.jpg,54
img184.jpg,60
img185.jpg,61
img186.jpg,57
img187.jpg,26
img188.jpg,35
img189.jpg,0
img190.jpg,54
img193.jpg,0
img194.jpg,0
img195.jpg,61
img196.jpg,46
img197.jpg,53
img198.jpg,59
img199.jpg,60
img200.jpg,58
img201.jpg,26
img202.jpg,36
img203.jpg,0
img204.jpg,54
img207.jpg,0
img208.jpg,0
img209.jpg,61
img210.jpg,46
img211.jpg,54
img212.jpg,60
img213.jpg,58
img214.jpg,54
img215.jpg,27
img216.jpg,35
img217.jpg,0
img218.jpg,59
img221.jpg,0
img222.jpg,0
img223.jpg,62
img224.jpg,48
img225.jpg,53
img226.jpg,59
img227.jpg,61
img228.jpg,58
img229.jpg,27
img230.jpg,37
img231.jpg,0
img232.jpg,57
img235.jpg,0
img236.jpg,0
img237.jpg,60
img238.jpg,47
img239.jpg,52
img240.jpg,63
img241.jpg,63
img242.jpg,60
img243.jpg,30
img244.jpg,37
img245.jpg,0
img246.jpg,58
img249.jpg,0
img250.jpg,0
img251.jpg,60
img252.jpg,42
img253.jpg,53
img254.jpg,62
img255.jpg,63
img256.jpg,61
img257.jpg,26
img258.jpg,37
img259.jpg,0
img260.jpg,56
img263.jpg,0
img264.jpg,0
img265.jpg,61
img266.jpg,46
img267.jpg,52
img268.jpg,63
img269.jpg,65
img270.jpg,60
img271.jpg,26
img272.jpg,37
img273.jpg,0
img274.jpg,52
img277.jpg,0
img278.jpg,0
img279.jpg,60
img280.jpg,47
img281.jpg,53
img282.jpg,61
img283.jpg,62
img284.jpg,61
img285.jpg,28
img286.jpg,36
img287.jpg,0
img288.jpg,57
img291.jpg,0
img292.jpg,0
img293.jpg,60
img294.jpg,44
img295.jpg,51
img296.jpg,65
img297.jpg,65
img298.jpg,59
img299.jpg,28
img300.jpg,35
img301.jpg,0
img302.jpg,56
img305.jpg,0
img306.jpg,0
img307.jpg,61
img308.jpg,47
img309.jpg,52
img310.jpg,63
img311.jpg,62
img312.jpg,57
img313.jpg,28
img314.jpg,35
img315.jpg,0
img316.jpg,58
img319.jpg,0
img320.jpg,0
img321.jpg,61
img322.jpg,46
img323.jpg,50
img324.jpg,62
img325.jpg,61
img326.jpg,59
img327.jpg,28
img328.jpg,36
img329.jpg,0
img330.jpg,58
img333.jpg,0
img334.jpg,0
img335.jpg,61
img336.jpg,47
img337.jpg,50
img338.jpg,63
img339.jpg,62
img340.jpg,61
img341.jpg,28
img342.jpg,36
img343.jpg,0
img344.jpg,58
img347.jpg,0
img348.jpg,0
img349.jpg,61
img350.jpg,45
img351.jpg,61
img352.jpg,62
img353.jpg,63
img354.jpg,60
img355.jpg,28
img356.jpg,36
img357.jpg,0
img358.jpg,58
img361.jpg,0
img362.jpg,0
img363.jpg,61
img365.jpg,54
img366.jpg,62
img367.jpg,61
img368.jpg,63
img369.jpg,29
img370.jpg,37
img371.jpg,0
img372.jpg,56
img375.jpg,0
img376.jpg,0
img377.jpg,61
img378.jpg,43
img379.jpg,50
img380.jpg,63
img381.jpg,63
img382.jpg,57
img383.jpg,26
img384.jpg,36
img385.jpg,0
img386.jpg,56
img389.jpg,0
img390.jpg,0
img391.jpg,60
img392.jpg,38
img393.jpg,52
img394.jpg,63
img395.jpg,61
img396.jpg,60
img397.jpg,26
img398.jpg,34
img399.jpg,0
img400.jpg,54
img403.jpg,0
img404.jpg,0
img405.jpg,60
img406.jpg,43
img407.jpg,51
img408.jpg,62
img409.jpg,60
img410.jpg,59
img411.jpg,26
img412.jpg,32
img413.jpg,0
img414.jpg,57
img417.jpg,0
img418.jpg,0
img419.jpg,59
img420.jpg,38
img421.jpg,48
img422.jpg,60
img423.jpg,60
img424.jpg,56
img425.jpg,26
img426.jpg,35
img427.jpg,0
img428.jpg,55
img431.jpg,0
img432.jpg,0
img433.jpg,57
img434.jpg,45
img435.jpg,46
img436.jpg,61
img437.jpg,60
img438.jpg,57
img439.jpg,26
img440.jpg,35
img441.jpg,0
img442.jpg,57
img445.jpg,0
img446.jpg,0
img447.jpg,58
img448.jpg,36
img449.jpg,46
img450.jpg,62
img451.jpg,62
img452.jpg,57
img453.jpg,26
img454.jpg,35
img455.jpg,0
img456.jpg,55
img459.jpg,0
img460.jpg,0
img461.jpg,57
img462.jpg,35
img463.jpg,52
img464.jpg,62
img465.jpg,63
img466.jpg,60
img467.jpg,24
img468.jpg,37
img469.jpg,0
img470.jpg,57
img473.jpg,0
img474.jpg,0
img475.jpg,61
img476.jpg,42
img477.jpg,50
img478.jpg,63
img479.jpg,62
img480.jpg,56
img481.jpg,27
img482.jpg,37
img483.jpg,0
img484.jpg,55
img487.jpg,0
img488.jpg,0
img489.jpg,62
img490.jpg,43
img491.jpg,51
img492.jpg,61
img493.jpg,62
img494.jpg,60
img495.jpg,28
img496.jpg,36
img497.jpg,0
img498.jpg,51
img501.jpg,0
img502.jpg,0
img503.jpg,58
img504.jpg,47
img505.jpg,50
img506.jpg,62
img507.jpg,61
img508.jpg,56
img509.jpg,28
img510.jpg,37
img511.jpg,0
img512.jpg,57
img515.jpg,1
img516.jpg,1
img517.jpg,61
img518.jpg,42
img519.jpg,45
img520.jpg,61
img521.jpg,63
img522.jpg,55
img523.jpg,28
img524.jpg,38
img525.jpg,0
img526.jpg,55
img529.jpg,0
img530.jpg,0
img531.jpg,60
img532.jpg,42
img533.jpg,46
img534.jpg,58
img535.jpg,56
img536.jpg,55
img537.jpg,24
img538.jpg,32
img539.jpg,0
img540.jpg,52
img543.jpg,0
img544.jpg,1
img545.jpg,60
img546.jpg,38
img547.jpg,48
img548.jpg,57
img549.jpg,58
img550.jpg,55
img551.jpg,24
img552.jpg,36
img553.jpg,0
img554.jpg,46
img557.jpg,0
img558.jpg,0
img559.jpg,61
img560.jpg,40
img561.jpg,46
img562.jpg,52
img563.jpg,51
img564.jpg,57
img565.jpg,20
img566.jpg,36
img567.jpg,0
img568.jpg,31
img571.jpg,2
img572.jpg,3
img573.jpg,58
img574.jpg,39
img575.jpg,45
img576.jpg,54
img577.jpg,55
img578.jpg,53
img579.jpg,23
img580.jpg,36
img581.jpg,0
img582.jpg,24
img585.jpg,2
img586.jpg,2
img587.jpg,56
img588.jpg,36
img589.jpg,47
img590.jpg,56
img591.jpg,55
img592.jpg,50
img593.jpg,23
img594.jpg,36
img595.jpg,0
img596.jpg,22
img599.jpg,2
img600.jpg,2
img601.jpg,50
img602.jpg,40
img603.jpg,46
img604.jpg,58
img605.jpg,57
img606.jpg,57
img607.jpg,21
img608.jpg,33
img609.jpg,0
img610.jpg,21
img613.jpg,2
img614.jpg,2
img615.jpg,35
img616.jpg,40
img617.jpg,49
img618.jpg,54
img619.jpg,59
img620.jpg,51
img621.jpg,21
img622.jpg,25
img623.jpg,0
img624.jpg,17
img627.jpg,1
img628.jpg,2
img629.jpg,27
img630.jpg,42
img631.jpg,51
img632.jpg,60
img633.jpg,60
img634.jpg,54
img635.jpg,21
img636.jpg,31
img637.jpg,0
img638.jpg,18
img641.jpg,0
img642.jpg,0
img643.jpg,18
img644.jpg,43
img645.jpg,48
img646.jpg,58
img647.jpg,59
img648.jpg,57
img649.jpg,24
img650.jpg,32
img651.jpg,0
img652.jpg,19
img655.jpg,0
img656.jpg,0
img657.jpg,13
img658.jpg,41
